,Living.Area,Lot.Size,Age,Price
1,1982,2.0,133,142212
2,1676,0.38,14,134865
3,1694,0.96,15,118007
4,1800,0.48,49,138297
5,2088,1.84,29,129470
6,1456,0.98,10,206512
7,960,,12,50709
8,1464,0.11,87,108794
9,1216,0.61,101,68353
10,1632,0.23,14,123266
11,2270,4.05,9,309808
12,1804,0.43,0,157946
13,1600,0.36,16,80248
14,1460,0.18,17,135708
15,1548,0.36,0,173723
16,1590,0.42,0,140510
17,1170,3.0,26,122221
18,1510,0.39,0,151917
19,2299,0.8,6,235105
20,2577,0.77,1,259999
21,2328,0.85,10,211517
22,1172,0.85,73,102068
23,1554,4.87,103,128440
24,1242,0.72,30,115659
25,1376,0.46,25,145583
26,1107,0.46,43,116289
27,2250,2.48,10,238792
28,2472,0.62,183,221925
29,2843,0.71,5,310696
30,1400,1.0,35,139079
31,1342,0.57,41,109578
32,813,0.39,68,65325
33,1480,0.29,14,89893
34,1392,0.24,17,87588
35,1512,0.25,13,132311
36,1512,0.05,13,131411
37,1696,0.71,5,158863
38,1595,0.22,6,130490
39,1480,0.07,14,88207
40,2291,0.1,0,178767
41,1391,0.04,12,148246
42,2501,0.07,0,205073
43,1662,0.5,0,185323
44,957,0.19,45,71904
45,1480,0.1,14,82556
46,2275,2.17,0,199684
47,1440,2.12,32,122221
48,1008,0.33,41,81762
49,1480,0.07,14,84291
50,2116,2.17,0,206512
51,1100,0.2,93,105363
52,960,0.54,11,45004
53,1228,0.31,53,62105
54,1560,0.88,16,103508
55,2164,0.69,183,157513
56,2634,0.24,83,79893
57,1000,0.52,91,88770
58,912,0.46,14,115312
59,1572,1.61,16,118952
60,1700,0.46,25,103861
61,1350,0.46,26,112649
62,1416,0.37,11,127385
63,1560,1.0,4,153129
64,1572,0.46,7,143808
65,1326,0.46,7,133067
66,1989,1.0,247,226742
67,1158,0.86,14,98652
68,1272,0.34,1,111394
69,1852,0.92,37,101418
70,2308,0.45,5,139219
71,1700,0.69,15,115248
72,1628,0.32,30,99574
73,2738,0.76,12,224818
74,1292,0.34,25,108459
75,1056,0.52,7,107919
76,1328,0.19,103,45904
77,1272,0.19,115,83617
78,1944,2.13,0,154723
79,1232,0.72,43,101258
80,1164,0.52,5,118949
81,1215,0.23,41,128717
82,1486,0.38,0,136379
83,1272,0.34,1,124367
84,1064,0.13,95,62938
85,1547,0.72,11,172016
86,1148,0.35,7,106524
87,1821,1.0,0,147412
88,1056,0.81,27,111221
89,995,0.38,47,75862
90,1176,0.64,5,109578
91,912,0.11,68,119166
92,1500,0.58,208,185318
93,1852,0.1,147,104749
94,1214,0.14,103,44674
95,1380,0.13,0,80540
96,1324,0.19,5,93773
97,1218,1.43,0,109999
98,1629,0.76,180,16858
99,1053,1.0,41,114326
100,1308,1.35,17,106524
101,1344,4.0,15,160995
102,1608,0.44,63,139079
103,3285,0.42,233,59003
104,1582,0.35,11,147425
105,1642,0.4,11,144695
106,1248,0.35,11,130229
107,1411,0.38,48,119840
108,1593,1.8,63,129723
109,1666,0.2,1,133595
110,1471,0.08,4,126311
111,1876,0.34,1,167693
112,1486,0.1,16,103958
113,1747,0.36,1,155488
114,1512,0.36,18,152112
115,2527,0.46,1,228619
116,1666,0.19,0,139435
117,1456,0.75,1,161923
118,3015,0.46,1,261011
119,967,1.2,55,120115
120,1720,0.72,31,153013
121,3515,0.51,0,298923
122,2815,0.48,1,271791
123,720,1.0,113,126498
124,3001,0.66,0,267731
125,1822,0.47,4,181979
126,1666,0.2,1,145663
127,1343,0.12,15,128273
128,1144,0.18,16,106524
129,1214,,17,101997
130,1888,0.47,18,110963
131,1668,0.19,16,147625
132,3853,0.54,5,466044
133,1486,0.1,16,116321
134,2278,0.45,0,194880
135,1360,0.92,53,143294
136,3504,0.9,0,387652
137,1921,0.46,0,240890
138,3726,2.31,3,260460
139,912,0.16,16,90354
140,2079,0.44,11,192694
141,1184,0.16,18,102801
142,908,0.16,19,79567
143,1492,0.17,16,101708
144,2011,0.99,12,162913
145,912,0.15,19,75606
146,2195,0.45,1,175874
147,1561,0.32,17,159313
148,2656,0.41,1,207237
149,2425,0.42,0,205397
150,908,0.15,19,79116
151,1158,0.57,7,161923
152,1334,0.77,7,133155
153,1561,0.32,16,159786
154,1680,0.12,15,102405
155,1514,0.16,17,114514
156,1656,0.33,17,162006
157,1184,0.15,19,93815
158,2648,0.43,0,181140
159,1092,0.35,33,137309
160,1880,0.62,7,136551
161,1592,0.16,16,107049
162,2516,2.96,40,163524
163,2310,0.56,31,181140
164,3076,0.92,0,317120
165,908,0.16,19,77547
166,912,0.15,19,81762
167,1680,0.45,27,147517
168,3355,0.83,1,263226
169,1886,0.43,16,163191
170,1605,0.15,0,125920
171,1772,0.29,0,164623
172,2044,0.37,16,161562
173,1124,0.45,26,163781
174,3192,0.11,2,235152
175,1498,0.18,0,120639
176,1092,0.33,72,123834
177,896,0.0,48,76342
178,1572,0.39,41,79982
179,986,0.06,133,69152
180,2087,0.56,0,71647
181,1596,0.28,49,140765
182,908,0.16,17,91792
183,1500,0.49,31,134865
184,1719,0.53,25,139079
185,2810,0.74,14,244443
186,1806,1.59,0,162091
187,3355,0.83,1,263226
188,1760,0.52,37,126010
189,1896,0.42,17,173102
190,1498,0.18,0,120639
191,1248,0.75,37,139079
192,2320,0.65,16,189654
193,1132,0.16,25,89432
194,2359,0.61,1,196317
195,3476,0.34,20,209122
196,1693,0.37,26,140602
197,1585,0.95,16,170567
198,1758,0.3,25,111875
199,2524,0.48,6,225885
200,1908,0.27,25,163652
201,1476,0.22,24,119858
202,2266,0.26,0,212830
203,1920,0.59,31,142907
204,1730,0.66,1,193524
205,1726,0.06,26,189836
206,1644,0.3,20,154432
207,1908,0.26,0,248204
208,2475,0.59,35,175514
209,3020,0.77,2,297024
210,2310,0.45,36,175514
211,2119,0.76,16,201616
212,5228,0.45,14,562546
213,2056,0.42,35,172814
214,2500,0.57,0,232894
215,2576,0.69,34,169124
216,2541,0.49,5,232219
217,2445,0.38,18,247520
218,2185,0.74,14,224928
219,3981,0.69,0,294133
220,2577,0.29,0,228806
221,1728,0.27,0,170600
222,1837,0.52,18,175784
223,2500,0.5,0,229055
224,1910,0.58,19,157513
225,2958,0.92,0,308750
226,2564,0.59,30,202157
227,2604,0.24,0,241885
228,2906,0.62,2,297380
229,1480,0.11,17,119751
230,1872,0.56,32,153129
231,1911,0.43,35,156679
232,1302,0.06,16,102086
233,1664,0.38,25,149933
234,2512,0.04,0,228375
235,2380,0.95,9,261872
236,1887,0.56,27,161118
237,2086,0.46,14,190856
238,1554,0.53,20,140701
239,3358,0.58,9,368396
240,2394,0.6,0,250976
241,2066,0.41,32,180032
242,3111,0.5,3,332888
243,2402,0.47,28,177452
244,2327,0.29,10,219262
245,2541,0.5,5,254327
246,1894,0.34,0,197105
247,1740,0.46,26,166888
248,1480,0.18,18,115401
249,1752,0.74,10,208610
250,1375,0.2,20,107892
251,1918,0.3,29,143294
252,2793,,21,282373
253,2619,0.4,0,239301
254,1744,0.57,35,143210
255,3720,0.8,0,379678
256,2000,0.73,22,221263
257,1142,0.19,18,111264
258,2612,0.56,23,252872
259,2008,0.32,0,172315
260,2035,0.43,35,182068
261,1375,0.09,22,94405
262,822,0.56,173,26130
263,3597,0.51,0,308218
264,1536,2.84,55,117164
265,1910,0.37,18,173639
266,3017,0.49,0,282289
267,1971,0.49,7,198083
268,1314,0.1,19,100306
269,1944,0.26,25,181225
270,1375,0.08,21,103677
271,1140,0.08,18,86651
272,1480,0.08,19,96934
273,2110,0.92,52,130650
274,972,0.36,40,105843
275,960,0.63,11,114513
276,2262,0.46,21,160426
277,864,1.0,128,105363
278,2150,1.2,104,189995
279,1170,2.5,10,104084
280,1596,3.14,29,210081
281,1530,0.48,20,137508
282,1380,0.14,2,111436
283,1708,0.87,39,74422
284,1308,0.46,26,107912
285,1416,1.94,5,123757
286,1900,0.37,12,139800
287,1704,2.5,177,77921
288,1372,0.69,26,145123
289,1480,0.17,15,104412
290,3003,0.46,88,391842
291,1298,0.17,44,118468
292,1772,0.06,14,176698
293,1536,0.46,30,63852
294,1400,0.98,25,212103
295,1580,1.0,26,146611
296,1656,0.1,94,113444
297,1235,0.32,84,47630
298,1628,0.06,124,63101
299,1144,0.64,15,51183
300,1300,1.08,10,92436
301,1560,1.59,5,114513
302,3319,2.0,20,269063
303,1210,0.7,17,127303
304,1768,0.37,48,133612
305,1164,2.0,54,137508
306,1832,0.52,47,145147
307,1276,4.67,29,107306
308,2092,3.64,0,260228
309,2116,0.05,74,104412
310,1248,1.0,14,120476
311,2128,1.0,7,118409
312,1056,9.0,5,146611
313,2068,1.0,104,85560
314,3069,1.05,13,205498
315,2334,0.44,39,163478
316,1551,1.95,97,137540
317,1456,0.4,54,116862
318,775,0.46,47,109633
319,1756,0.85,24,156606
320,1296,0.38,51,139418
321,1404,0.68,72,122229
322,1632,0.57,20,179524
323,1564,0.32,54,111633
324,1501,0.4,44,134266
325,1586,0.6,49,130239
326,1412,0.35,103,121680
327,2223,4.34,9,199187
328,1370,0.45,27,126311
329,3030,0.5,1,265637
330,2103,0.06,6,229915
331,1560,2.0,43,161473
332,1512,0.6,7,150909
333,3133,0.5,1,287360
334,2316,0.54,7,189912
335,1198,0.37,13,109040
336,1292,0.22,4,144561
337,957,0.18,49,90678
338,1216,0.21,129,89955
339,2256,0.17,124,122082
340,2043,0.32,94,84333
341,1512,0.05,13,144571
342,1570,0.92,14,180803
343,1616,1.0,36,198622
344,1404,6.13,7,120192
345,1552,0.46,9,163102
346,1472,0.7,3,184515
347,2367,0.36,4,189654
348,1475,0.46,20,135820
349,1632,0.5,30,150022
350,1964,0.48,6,189776
351,2064,0.84,3,196603
352,1601,0.03,8,161839
353,2284,0.28,29,202836
354,1672,0.15,0,156797
355,2495,0.41,26,222198
356,1176,0.22,31,103262
357,1498,0.4,51,253545
358,1272,0.26,31,116170
359,1138,0.14,98,112509
360,2186,1.4,12,355529
361,1743,0.15,0,204643
362,2488,0.41,24,135011
363,936,0.4,34,106659
364,2592,0.16,1,323819
365,1327,0.67,35,135011
366,864,0.16,37,126010
367,1216,0.14,75,216018
368,3467,0.34,3,446436
369,1480,0.03,16,133155
370,892,0.29,113,146471
371,2786,0.39,0,329484
372,3530,2.05,0,509488
373,1568,0.05,18,110963
374,847,0.55,78,300931
375,2242,0.07,0,255303
376,1374,0.18,44,150909
377,1920,0.16,0,184109
378,2124,0.14,0,173446
379,1480,0.03,16,127740
380,2022,0.48,0,213048
381,1098,0.1,113,114070
382,1224,0.27,63,205947
383,2550,0.46,0,209226
384,1279,0.28,31,134378
385,1177,0.17,36,113371
386,1859,0.14,85,261301
387,2219,0.3,15,218734
388,2579,0.72,0,254944
389,1568,0.16,18,143252
390,912,0.26,31,99463
391,1209,0.19,73,123064
392,2242,0.08,0,243305
393,2270,0.46,0,212846
394,3457,1.0,20,378465
395,1738,0.22,5,263408
396,1334,0.13,122,189654
397,2322,0.27,0,357384
398,1870,0.11,4,265515
399,1888,0.39,6,168497
400,1368,0.24,33,132088
401,1200,0.32,1,130518
402,1368,0.38,34,92519
403,2230,0.62,1,229761
404,1800,0.07,16,231298
405,1043,0.15,104,152822
406,1200,0.16,65,224888
407,2346,0.35,0,244124
408,792,0.13,36,148989
409,2300,0.07,16,236936
410,2280,0.47,24,261031
411,1652,0.05,4,246976
412,2238,0.21,114,120476
413,1016,,41,168065
414,1970,0.59,18,173794
415,1680,0.39,27,213901
416,1386,0.23,92,217797
417,1550,0.07,16,171885
418,2058,1.33,26,286474
419,1126,0.22,46,174940
420,1850,0.19,16,261647
421,1673,0.29,27,138424
422,2208,0.05,17,148967
423,1116,0.24,38,200940
424,1470,0.13,3,234429
425,2986,2.37,12,476301
426,3356,0.34,6,333411
427,1016,,41,247639
428,1612,0.29,34,122796
429,1908,0.22,16,279083
430,1064,0.1,77,177124
431,2078,0.22,33,160007
432,2470,0.34,26,154798
433,2058,0.23,49,373227
434,1400,1.0,17,122257
435,1664,0.99,10,165213
436,1488,2.15,1,128040
437,1120,0.73,7,120476
438,672,0.36,46,64174
439,1164,0.34,8,124492
440,1032,0.75,4,111534
441,1736,0.38,37,114590
442,1061,0.92,48,97783
443,1298,0.24,106,64552
444,1164,0.64,7,114238
445,924,0.17,104,57678
446,960,1.0,51,89232
447,1594,0.21,81,72189
448,2008,0.46,19,210081
449,1268,0.56,25,126049
450,1480,0.08,16,98790
451,1034,0.21,14,103408
452,1480,0.08,15,102806
453,1350,0.68,1,159843
454,1248,1.28,0,111353
455,2294,0.52,0,234954
456,1492,0.15,16,103256
457,1336,0.35,20,81580
458,2310,1.4,3,229180
459,1542,0.25,10,116882
460,1984,0.27,11,154238
461,1480,0.12,17,100839
462,1856,0.6,36,122257
463,1688,0.03,29,128040
464,1248,0.96,46,102806
465,2405,1.63,16,236055
466,1392,0.26,21,91672
467,1394,0.46,33,130757
468,1940,0.85,9,200793
469,2068,0.46,17,202836
470,1664,0.21,76,60238
471,1320,0.17,90,40932
472,1281,0.02,19,92519
473,1397,0.76,14,148692
474,1620,0.86,1,123910
475,1344,0.64,16,103258
476,3361,0.71,1,394532
477,2040,0.65,1,187104
478,1219,,19,97476
479,1253,0.21,16,125562
480,1876,0.24,1,208048
481,3296,0.61,6,334556
482,1496,0.25,37,134933
483,2200,0.61,1,178140
484,3308,0.66,7,345364
485,3328,0.35,0,285500
486,1824,0.18,11,228904
487,2147,0.61,9,207018
488,2093,0.46,1,257015
489,1336,0.32,11,160635
490,2934,0.66,9,329221
491,1152,0.8,36,136499
492,1348,0.0,18,121279
493,2376,0.06,10,240952
494,2926,0.84,11,340545
495,2249,0.59,1,176846
496,2919,0.05,5,312448
497,3423,0.38,0,314912
498,1536,0.72,7,171885
499,2216,0.5,8,225742
500,2572,0.94,9,240639
501,2412,0.55,10,236742
502,1281,,18,99311
503,1623,0.44,36,136192
504,2619,0.53,4,223266
505,1364,0.14,19,133215
506,1620,0.04,99,77650
507,1785,0.17,1,150505
508,1796,0.92,14,169343
509,1184,0.15,17,115566
510,1785,0.16,1,154528
511,2655,0.37,1,218184
512,3200,1.27,1,366772
513,2011,0.67,12,199990
514,3329,0.62,14,303599
515,1240,0.15,17,94774
516,1184,0.15,18,98389
517,1385,0.16,17,110115
518,1732,0.31,17,160349
519,728,0.06,22,75094
520,1508,0.33,16,152404
521,1466,0.23,62,154314
522,690,0.04,114,99311
523,911,0.12,114,110770
524,1656,0.33,19,157370
525,1782,0.34,36,148203
526,912,0.16,20,85585
527,1508,0.34,19,137606
528,1266,0.03,134,110889
529,912,0.16,18,96004
530,1506,0.46,24,119001
531,1928,0.27,134,74421
532,1536,0.98,6,145123
533,1811,0.46,19,163728
534,1948,1.13,13,193497
535,864,0.07,114,73892
536,1760,0.27,133,113367
537,1872,0.36,18,162984
538,2250,0.31,2,202800
539,924,0.91,15,84291
540,1406,0.16,19,98632
541,3535,4.2,39,155713
542,1561,0.33,18,146626
543,988,0.15,19,92932
544,1785,0.16,1,164419
545,2655,0.37,1,218184
546,2372,0.44,2,174208
547,2504,0.48,14,200713
548,1184,0.16,20,102003
549,1527,0.31,17,85939
550,1764,1.0,8,210672
551,1184,0.15,18,98389
552,1168,0.14,21,102806
553,912,0.16,20,111239
554,912,0.16,18,100397
555,1492,0.17,17,117703
556,1508,0.36,20,152786
557,1270,0.04,110,87852
558,2310,0.65,31,180670
559,1688,0.17,119,55817
560,2548,0.36,3,230708
561,1385,0.15,17,93846
562,3271,0.97,1,243276
563,1921,1.0,0,226304
564,1560,0.36,25,119784
565,1840,0.14,8,108478
566,1704,0.43,17,154696
567,1971,0.35,11,198622
568,3106,5.51,8,167776
569,924,0.91,15,84291
570,1216,0.49,51,126436
571,1635,0.28,52,129609
572,1892,0.25,26,137127
573,2950,0.41,1,277235
574,2539,0.38,1,209555
575,1375,0.07,21,101193
576,1302,0.05,17,104084
577,937,0.13,19,99045
578,3376,0.83,7,334556
579,2328,0.24,1,186605
580,1994,1.0,49,210646
581,2623,0.53,0,230414
582,2602,0.37,1,208253
583,1480,0.14,19,104084
584,924,0.17,19,94584
585,3236,2.5,0,233155
586,1973,0.27,3,227994
587,1422,0.23,20,115649
588,1352,0.18,11,137044
589,2772,0.29,0,261846
590,1620,0.3,0,168739
591,2500,0.46,11,236936
592,1702,0.61,16,197581
593,2748,0.92,3,297174
594,2310,0.6,38,155414
595,1740,0.53,36,141760
596,2500,0.19,0,214367
597,1832,0.67,30,146981
598,2657,0.6,15,268260
599,976,0.34,21,69876
600,1612,0.43,37,143768
601,1456,0.49,23,130917
602,1992,0.4,30,187701
603,2348,0.51,7,240872
604,2676,0.89,34,206415
605,2304,0.35,0,191790
606,3440,0.63,3,312434
607,2593,0.28,0,217226
608,2162,0.38,19,176618
609,1578,0.46,11,152786
610,2088,0.49,22,190983
611,924,0.15,20,99082
612,1734,0.45,34,148585
613,1792,0.08,24,129868
614,2960,0.61,8,304045
615,2993,1.34,15,265848
616,2027,0.46,15,187087
617,2421,0.48,13,220776
618,1758,0.27,26,161190
619,2702,0.35,31,184108
620,2600,0.44,18,179524
621,2572,1.03,6,244382
622,2498,0.53,36,213137
623,2396,2.0,5,244441
624,2641,0.34,3,263938
625,3123,0.49,14,271578
626,2028,0.5,27,119937
627,3721,1.14,14,504119
628,1873,0.29,32,140945
629,2608,0.58,4,236819
630,929,0.17,21,91672
631,924,0.31,19,93200
632,1227,0.12,19,118409
633,2294,0.4,36,180288
634,976,0.31,23,87852
635,2762,0.46,17,237583
636,2618,1.92,1,357138
637,2024,1.55,25,198622
638,1864,4.0,154,148967
639,1780,0.1,25,133688
640,1734,0.39,29,156530
641,2014,0.31,32,178760
642,1314,0.21,21,103633
643,2262,0.53,24,182334
644,1927,0.33,3,204661
645,2708,1.2,21,74422
646,1910,0.36,20,161496
647,1480,0.21,19,89306
648,1875,0.71,31,152491
649,1665,0.29,27,160007
650,2170,0.25,3,212103
651,1822,0.34,12,171171
652,1784,0.51,104,171171
653,1348,0.36,11,162612
654,1480,0.07,15,95260
655,1052,0.23,15,130239
656,1836,0.35,27,125029
657,1728,1.84,12,137681
658,2214,0.46,22,175084
659,2733,0.47,3,328491
660,2931,0.46,12,282655
661,2900,0.46,1,292524
662,2254,0.43,31,140658
663,2056,0.61,2,215824
664,1212,2.0,87,165957
665,2564,0.57,34,177998
666,2176,0.0,36,260887
667,3496,1.94,7,325262
668,1332,0.02,45,114827
669,1244,0.69,53,96958
670,1290,1.19,16,104339
671,1989,0.39,104,146609
672,1212,1.0,6,150798
673,2119,0.9,14,207347
674,1808,2.0,6,199900
675,1716,0.69,4,133199
676,1872,1.55,16,167253
677,1548,0.31,85,97682
678,1536,0.15,105,79170
679,1380,0.14,3,112877
680,1080,1.0,15,78191
681,1800,0.36,83,110738
682,1754,0.1,110,101227
683,1170,0.09,110,69463
684,2088,0.9,2,167319
685,1890,0.69,30,151950
686,1742,0.4,5,188497
687,1544,0.4,72,108002
688,1463,0.42,125,104371
689,840,0.18,57,69814
690,988,0.26,10,116938
691,1680,0.46,4,200791
692,1804,0.37,2,162631
693,1498,0.77,10,166222
694,1656,0.42,18,146978
695,1720,3.8,27,156820
696,1820,2.06,18,170534
697,2076,0.62,13,209371
698,1820,0.34,45,153590
699,1468,0.34,51,124585
700,1637,0.76,54,122044
701,2526,5.89,1,224668
702,1322,0.67,63,116589
703,1736,0.55,17,179572
704,1836,0.43,0,190444
705,1643,0.41,3,213249
706,1842,0.53,8,181399
707,2167,0.37,8,193565
708,1475,0.42,21,148231
709,3026,1.34,1,337918
710,1092,0.35,35,124669
711,2311,0.3,20,167975
712,1256,0.21,19,90446
713,1040,0.47,12,101230
714,1120,0.11,14,91386
715,1664,0.46,14,149078
716,2268,3.0,25,121973
717,1302,0.25,35,123827
718,1239,0.37,33,109259
719,780,0.19,55,473938
720,1272,0.38,43,107766
721,2472,0.0,6,578856
722,1666,0.18,140,191746
723,984,0.3,41,146161
724,1322,1.0,130,140238
725,2586,0.21,3,506149
726,1008,0.22,38,107513
727,1092,0.28,41,157430
728,2576,0.55,31,330219
729,3250,0.53,23,432845
730,1445,0.2,17,240857
731,1932,0.5,0,251259
732,1430,0.16,5,169647
733,1474,0.14,29,205950
734,1908,0.24,17,338596
735,2329,0.17,72,268783
736,936,0.24,35,118585
737,1920,0.27,34,113740
738,1675,0.04,18,257499
739,1600,0.46,35,152466
740,1428,0.16,85,114519
741,1536,,66,247839
742,1924,1.04,16,181516
743,1576,0.19,18,138914
744,1288,0.34,32,108421
745,840,0.21,2,107411
746,1110,0.06,115,166019
747,784,0.16,44,93174
748,5114,0.34,131,599701
749,1980,0.22,6,231749
750,1290,0.14,16,137220
751,2000,0.39,4,279522
752,2490,0.3,4,250723
753,1764,0.17,85,452745
754,952,0.13,102,142057
755,1560,0.3,31,111546
756,2932,0.46,31,262461
757,2563,0.17,55,492114
758,2310,0.25,23,298549
759,1792,0.29,6,156164
760,1250,0.22,43,183657
761,1500,0.4,18,160692
762,864,0.16,39,147634
763,1392,0.13,4,236215
764,812,0.1,115,109249
765,1760,0.16,135,139104
766,898,0.61,57,104328
767,1096,0.3,67,104984
768,1200,0.56,10,90446
769,2016,0.86,16,142420
770,1310,0.24,120,52360
771,960,0.36,40,113796
772,1056,0.44,47,104267
773,1512,0.46,16,129427
774,1890,0.46,27,151950
775,1812,1.0,16,172789
776,1952,0.55,31,135526
777,1856,0.6,37,148401
778,924,3.17,39,65615
779,2346,0.54,1,283851
780,1274,0.44,14,130782
781,1420,0.35,13,135526
782,2296,0.58,19,184315
783,2026,1.0,1,146329
784,990,0.08,75,55851
785,1711,0.45,112,111809
786,3944,1.64,185,88092
787,1344,0.92,13,26049
788,878,0.14,28,111702
789,2248,0.58,7,232989
790,2107,0.09,1,235620
791,1364,0.07,20,119389
792,1270,0.09,18,112153
793,2120,0.46,9,202527
794,1668,0.26,18,150502
795,2110,1.0,9,188497
796,1242,0.13,3,129155
797,1040,1.08,39,117287
798,2084,0.43,5,209371
799,1360,0.44,79,99903
800,2024,0.52,10,205950
801,1019,0.24,16,127055
802,3028,0.66,0,311709
803,1242,0.12,2,142302
804,1528,0.46,8,177539
805,2988,0.5,9,277828
806,1428,0.39,20,196512
807,1144,0.52,44,104984
808,1666,0.26,2,157411
809,2202,1.01,6,202751
810,1184,0.16,21,104984
811,2601,0.34,19,155929
812,2510,0.44,1,226705
813,3056,0.57,6,271339
814,1592,0.16,18,126082
815,1240,0.16,18,113600
816,1673,0.15,18,104556
817,1852,0.44,16,167145
818,1184,0.15,20,106365
819,2641,0.39,1,238951
820,1184,0.16,18,116589
821,1952,0.15,33,170345
822,2038,0.98,13,218517
823,1276,0.17,26,97739
824,908,0.17,21,105035
825,2434,1.0,20,233876
826,912,0.17,19,104651
827,2494,0.53,13,212932
828,2960,0.37,1,278906
829,1294,0.32,17,160571
830,2152,0.3,8,184315
831,988,0.15,20,100967
832,2712,0.5,1,220261
833,2203,0.57,1,189665
834,3001,0.31,1,240590
835,2310,0.47,33,169407
836,2040,0.07,127,127394
837,3144,0.49,1,222576
838,1806,0.8,40,200510
839,1540,0.43,16,155787
840,2011,0.37,14,186348
841,3344,0.36,1,217868
842,2714,0.55,1,208635
843,1518,0.04,130,82019
844,1836,0.44,9,183066
845,2066,0.39,2,236215
846,1423,0.34,9,150849
847,1512,0.77,12,178216
848,2144,0.92,19,196846
849,1610,0.1,17,135167
850,1196,0.15,56,65550
851,1376,0.53,14,143697
852,1834,0.43,65,112153
853,1720,0.36,19,163310
854,1295,0.13,125,117907
855,800,0.46,55,49211
856,1868,0.36,13,187003
857,1946,0.38,18,135823
858,1142,0.76,40,113514
859,1202,0.15,18,102530
860,1300,0.49,227,75975
861,1508,0.31,19,128434
862,2271,0.35,1,185487
863,1592,0.16,18,126082
864,912,0.16,18,98333
865,1673,0.15,18,104556
866,2310,0.55,33,157081
867,912,0.15,20,92852
868,2641,0.39,1,238951
869,1708,0.17,14,242952
870,988,0.15,20,75399
871,2058,0.31,1,220765
872,2310,0.45,33,163992
873,2434,1.0,20,233876
874,1612,0.95,15,160571
875,3081,0.3,1,251699
876,1227,0.24,115,102626
877,2762,0.54,1,203478
878,3982,5.61,6,354739
879,2212,0.32,18,184654
880,1173,0.45,16,125361
881,2604,0.33,0,237062
882,1540,0.43,16,155787
883,2472,0.31,0,236829
884,1184,0.16,18,107743
885,2120,0.54,10,210743
886,2472,0.33,0,216841
887,1592,0.17,18,118517
888,1404,0.48,28,116795
889,3344,0.37,0,158789
890,1690,0.46,5,200126
891,1512,0.77,12,178216
892,1820,0.54,35,101375
893,1476,0.66,6,103672
894,1652,0.38,105,110234
895,2331,1.0,1,206931
896,960,0.36,48,89893
897,1540,0.04,115,31113
898,1668,0.06,115,59043
899,912,0.35,37,94064
900,743,0.05,105,50483
901,3021,0.72,21,253433
902,1274,0.48,20,144335
903,792,0.4,55,54210
904,960,0.26,48,93895
905,1600,0.27,57,130574
906,1150,0.34,45,94486
907,1456,0.15,155,109577
908,2464,1.0,2,253973
909,1326,2.0,52,326330
910,2808,0.6,1,284154
911,1479,0.06,17,115771
912,2498,0.43,38,201876
913,1064,0.31,45,99491
914,1792,0.64,17,151950
915,3121,0.62,0,278936
916,1032,0.12,23,101230
917,2668,0.3,0,223055
918,2996,0.35,1,237716
919,1815,0.46,11,180817
920,1281,0.19,8,101230
921,2204,0.48,31,181516
922,2096,0.28,18,191988
923,2570,0.6,28,183610
924,2936,0.33,6,237367
925,3210,1.0,15,296708
926,3020,0.41,1,272902
927,2086,0.47,17,196875
928,1980,7.16,205,139627
929,1260,0.06,27,129155
930,1938,0.63,26,198969
931,2284,0.56,18,205950
932,1804,0.23,4,208743
933,1375,0.06,20,112400
934,2226,0.43,31,174534
935,1480,0.08,21,106117
936,1228,0.21,21,107743
937,1886,0.28,31,154499
938,1479,0.06,20,136203
939,3440,0.77,1,379472
940,2588,0.35,31,189736
941,2880,0.66,9,308253
942,2133,0.28,34,134171
943,1056,0.34,5,120279
944,1314,0.06,20,112825
945,2741,0.26,2,251400
946,1326,0.06,19,125361
947,1380,0.89,105,94868
948,1480,0.29,20,110182
949,2050,0.31,33,180927
950,2338,0.47,16,233714
951,1910,0.41,21,172795
952,1652,0.48,20,150772
953,3542,0.56,1,329328
954,929,0.18,22,88092
955,1831,0.47,19,187026
956,1468,1.11,161,132138
957,2039,0.52,18,163986
958,1794,0.15,37,159920
959,1666,0.56,38,150434
960,2388,0.83,20,216530
961,2505,0.03,1,262461
962,2284,0.46,17,206688
963,1879,0.27,5,190284
964,1664,0.49,34,157476
965,3820,1.4,18,347761
966,2809,0.25,2,262461
967,2066,0.65,35,194877
968,1664,0.51,37,166335
969,2350,0.3,15,193565
970,2116,0.55,20,232934
971,1480,0.08,19,108593
972,1524,0.71,180,124013
973,1034,0.16,15,100938
974,1480,0.18,16,94064
975,880,0.34,56,109042
976,1512,0.25,12,159175
977,912,0.51,34,94667
978,1611,0.17,83,150434
979,1470,0.23,11,149756
980,2748,0.17,0,218475
981,1512,0.18,15,172795
982,1512,0.3,14,158565
983,2039,0.24,55,60309
984,1480,0.07,16,98256
985,2872,0.21,0,238832
986,1244,0.28,13,140269
987,1355,0.47,60,98423
988,1564,0.24,13,131165
989,1022,0.44,55,93174
990,1480,0.22,17,93895
991,1904,2.0,2,213249
992,1592,0.64,9,149078
993,1332,0.86,9,155855
994,960,0.46,19,101375
995,2143,0.1,6,260485
996,1514,0.17,19,108958
997,1986,0.36,1,228291
998,2286,0.49,11,214749
999,2752,0.94,9,256417
1000,1656,0.35,18,173082
1001,3370,0.11,11,295426
1002,1932,0.41,4,193774
1003,1184,0.16,19,100003
1004,2712,0.43,1,222330
1005,2500,0.21,1,197350
1006,912,0.16,20,95708
1007,2604,0.27,1,249250
1008,1836,0.36,106,157055
1009,882,0.18,71,102287
1010,2002,1.03,14,178851
1011,912,0.16,20,95708
1012,1508,0.34,21,135901
1013,882,0.18,71,44873
1014,2396,0.27,28,182056
1015,2460,0.5,1,205070
1016,2322,0.42,22,201928
1017,1480,0.07,22,108785
1018,2306,0.79,1,270841
1019,2756,0.39,33,185902
1020,1664,0.49,33,150581
1021,3956,1.0,15,479670
1022,3125,0.53,3,285769
1023,2835,0.52,1,247125
1024,2464,0.58,42,203240
1025,2628,1.0,20,207751
1026,1099,0.39,9,124939
1027,1225,0.24,48,80130
1028,2764,0.07,1,227314
1029,840,0.35,50,199733
1030,1363,2.4,39,49564
1031,1472,0.93,28,106950
1032,1836,1.0,15,158338
1033,1774,0.36,1,169876
1034,1590,0.42,3,147440
1035,2109,0.26,1,208339
1036,1470,0.35,12,148496
1037,2314,,1,197956
1038,1040,0.17,19,67951
1039,1308,0.46,29,121798
1040,1954,0.22,66,242955
1041,1764,0.17,86,455140
1042,2498,0.3,14,217314
1043,1874,0.54,31,141029
1044,2892,7.76,1,318121
1045,2400,2.26,26,153850
1046,1572,0.06,50,88092
1047,1678,0.27,1,124939
1048,1388,0.23,60,107973
1049,1512,1.0,61,119875
1050,1653,0.48,79,66027
1051,1758,0.27,1,182649
1052,2310,1.0,18,206480
1053,1802,0.97,56,107695
1054,3239,2.5,1,236737
1055,1440,0.61,66,154829
1056,2030,1.0,3,179492
1057,2097,1.93,10,189108
